token,Happiness Score
rapper,
lil,
kim,5.26
to,4.84
headline,
both,
vivid,
sydney,
and,5.4
melbourne,
s,5.02
rising,
festival,7.62
stephen,
colbert,
on,6.1
us,5.94
war,2.04
in,5.76
iran,
we,5.96
re,5.1
still,5.38
no,3.34
closer,
to,4.84
learning,
what,5.16
the,5.2
goal,
is,5.34
leap,
year,6.24
is,5.34
patently,
ridiculous,
and,5.4
widely,
panned,
it,5.46
s,5.02
also,5.74
the,5.2
perfect,7.86
romcom,
womadelaide,
review,5.74
grace,
jones,5.32
embraces,
the,5.2
compulsion,
for,5.32
dancing,
in,5.76
the,5.2
dark,4.48
times,5.76
a,5.26
lot,5.62
of,4.82
comedians,
don,6.22
t,4.9
have,6.12
a,5.26
sense,
of,4.82
humour,
jack,5.52
dee,4.96
on,6.1
his,5.32
loser,
lead,
balloon,
creation,
rick,
spleen,
jack,5.52
white,6.1
i,5.12
m,4.76
not,3.88
going,6.02
to,4.84
put,5.3
a,5.26
painful,
thing,5.7
out,4.12
there,5.48
for,5.32
some,5.76
idiot,
on,6.1
the,5.2
internet,7.82
to,4.84
stomp,
all,6.34
over,4.2
kitty,
karma,5.18
jessie,
buckley,
tries,
to,4.84
claw,
back,4.84
approval,
after,5.4
enraging,
cat,
lovers,
the,5.2
guide,
from,5.66
wonder,
man,6.14
to,4.84
girl,7.4
taken,
here,5.8
s,5.02
one,5.8
thing,5.7
to,4.84
watch,6.18
on,6.1
every,6.04
streamer,
my,5.98
cultural,7.0
awakening,
a,5.26
rihanna,
song,7.54
showed,
me,6.0
how,5.64
to,4.84
live,7.1
as,5.2
a,5.26
gay,5.36
man,6.14
in,5.76
iran,
from,5.66
the,5.2
bride,
to,4.84
harry,6.08
styles,
your,5.98
complete,
entertainment,
guide,
to,4.84
the,5.2
week,6.16
ahead,
stephen,
colbert,
on,6.1
kristi,
noem,
a,5.26
domestic,
terrorist,
who,5.14
deserves,
to,4.84
go,6.34
to,4.84
gitmo,
stephen,
colbert,
on,6.1
republican,
double,
speak,
for,5.32
war,2.04
in,5.76
iran,
a,5.26
war,2.04
that,5.34
got,5.64
a,5.26
thesaurus,
for,5.32
christmas,7.96
nothing,4.16
beats,
the,5.2
smell,
of,4.82
oil,
and,5.4
steam,
brief,
letters,
seth,
meyers,
on,6.1
trump,
spilling,
military,
secrets,
he,5.36
s,5.02
so,5.32
excited,7.34
to,4.84
bomb,
people,6.92
he,5.36
can,5.92
t,4.9
help,4.68
himself,
actor,6.44
reaches,
settlement,
with,5.94
old,4.48
vic,
theatre,
over,4.2
kevin,5.34
spacey,
assault,
claims,
excellence,
smithsonian,
exhibit,
celebrates,
hbcus,
amid,
attacks,
on,6.1
black,5.58
history,
jon,
stewart,5.4
on,6.1
us,5.94
attacks,
in,5.76
iran,
a,5.26
war,2.04
with,5.94
no,3.34
clear,
purpose,
no,3.34
end,4.08
in,5.76
sight,
my,5.98
guitar,
was,4.84
mangled,
like,7.26
my,5.98
life,7.52
goo,
goo,
dolls,
on,6.1
how,5.64
they,5.62
made,5.66
epic,
ballad,
iris,
my,5.98
cultural,7.0
awakening,
leonardo,5.84
da,5.68
vinci,
made,5.66
me,6.0
rethink,
surgery,
i,5.12
ve,5.82
since,5.3
mended,
more,6.34
than,5.44
hearts,
the,5.2
guide,
from,5.66
documentary,
shock,
to,4.84
bafta,
acclaim,
how,5.64
the,5.2
screen,
shaped,
our,5.92
understanding,
of,4.82
tourette,
s,5.02
from,5.66
the,5.2
testament,
of,4.82
ann,
lee,6.96
to,4.84
gorillaz,
your,5.98
complete,
entertainment,
guide,
to,4.84
the,5.2
week,6.16
ahead,
pulp,
have,6.12
the,5.2
last,4.54
word,6.14
in,5.76
adelaide,
festival,7.62
saga,
with,5.94
triumphant,
opening,
gig,
seth,
meyers,
on,6.1
team,6.4
trump,
s,5.02
iran,
threats,
these,
guys,6.18
speak,
like,7.26
they,5.62
ve,5.82
been,5.44
hit,5.6
on,6.1
the,5.2
head,5.9
how,5.64
to,4.84
keep,6.04
free,7.84
entry,
to,4.84
uk,6.12
museums,
and,5.4
galleries,
letters,
you,6.58
re,5.1
sweet,7.42
and,5.4
i,5.12
m,4.76
old,4.48
billy,
porter,
and,5.4
sam,
morrison,
on,6.1
teaming,
up,6.08
for,5.32
a,5.26
comedy,
about,5.38
love,8.26
and,5.4
death,1.82
seems,
i,5.12
m,4.76
not,3.88
dead,2.3
magda,
szubanski,
says,5.66
she,6.18
is,5.34
in,5.76
remission,
after,5.4
treatment,
for,5.32
stage,
four,
cancer,
seth,
meyers,
on,6.1
trump,
s,5.02
state,
of,4.82
the,5.2
union,7.14
address,
a,5.26
vehicle,
to,4.84
attack,
anyone,
who,5.14
doesn,
t,4.9
bend,
the,5.2
knee,
the,5.2
sky,
s,5.02
the,5.2
limit,
newcastle,
art,7.26
gallery,6.52
unveils,
its,5.18
divisive,
expansion,
with,5.94
a,5.26
blockbuster,
opening,
show,7.26
dead,2.3
end,4.08
boys,6.3
and,5.4
west,
end,4.08
girls,7.28
lily,
allen,
s,5.02
greatest,
songs,6.98
ranked,
sport,6.92
for,5.32
young,7.08
people,6.92
wins,
sustained,
investment,
why,4.48
not,3.88
the,5.2
arts,6.94
letter,
jimmy,
kimmel,
on,6.1
trump,
s,5.02
state,
of,4.82
the,5.2
union,7.14
a,5.26
nutjob,
wannabe,
king,6.62
jon,
stewart,5.4
on,6.1
politicization,
of,4.82
usa,5.62
hockey,
win,7.6
is,5.34
kash,
patel,
a,5.26
make,6.08
a,5.26
wish,6.92
man,6.14
down,3.7
with,5.94
love,8.26
ewan,
mcgregor,
and,5.4
zellweger,
s,5.02
perfectly,
offbeat,
fantasy,
maxi,
shield,
beloved,
australian,
drag,
queen,
and,5.4
drag,
race,
down,3.7
under,4.6
star,6.7
dies,
aged,
kenneth,
williams,
and,5.4
racist,
attitudes,
brief,
letters,
philippe,
gaulier,
obituary,
musicians,
drank,
too,5.8
much,6.26
and,5.4
slept,
on,6.1
my,5.98
barn,
floor,
andrew,
bird,
on,6.1
making,6.02
cult,
album,6.72
the,5.2
mysterious,
production,
of,4.82
eggs,
is,5.34
the,5.2
uk,6.12
s,5.02
golden,
era,5.0
of,4.82
free,7.84
museum,
entry,
coming,6.12
to,4.84
an,5.08
end,4.08
the,5.2
guide,
how,5.64
the,5.2
hunt,
for,5.32
the,5.2
next,6.04
james,5.74
bond,
became,
the,5.2
franchise,
s,5.02
best,7.72
marketing,6.12
tool,
my,5.98
cultural,7.0
awakening,
operation,
mincemeat,
taught,
me,6.0
how,5.64
to,4.84
cry,3.1
now,6.14
i,5.12
sob,
at,4.9
everything,6.52
from,5.66
good,7.82
luck,
have,6.12
fun,7.76
don,6.22
t,4.9
die,2.44
to,4.84
tracey,
emin,
your,5.98
complete,
entertainment,
guide,
to,4.84
the,5.2
week,6.16
ahead,
the,5.2
secret,
agent,
to,4.84
mitski,
the,5.2
week,6.16
in,5.76
rave,
reviews,6.36
stephen,
colbert,
on,6.1
andrew,
s,5.02
arrest,
let,5.54
s,5.02
hear,6.1
it,5.46
for,5.32
british,
justice,
from,5.66
patriotic,
parody,
to,4.84
threat,
flanders,
and,5.4
swann,
the,5.2
likely,
lads,
and,5.4
reform,
letter,
goodies,
galore,
in,5.76
a,5.26
clued,
up,6.08
crossword,
tribute,
to,4.84
graeme,
garden,
brief,
letters,
salman,
rushdie,
among,
figures,
to,4.84
sign,6.04
open,6.88
letter,
over,4.2
barbican,
arts,6.94
lead,
departure,
colbert,
on,6.1
rfk,
jr,5.76
s,5.02
maha,
workout,
video,6.7
senior,6.36
softcore,
that,5.34
feels,
like,7.26
dropping,
acid,
colbert,
on,6.1
trump,
s,5.02
epstein,
ties,
apparently,
he,5.36
does,5.5
not,3.88
know,6.26
the,5.2
meaning,
of,4.82
exonerated,
he,5.36
invented,
a,5.26
style,6.52
war,2.04
chronicler,
robert,5.5
capa,5.56
refashioned,
himself,
and,5.4
revolutionised,
photography,
australian,
screen,
industry,
crushed,
as,5.2
universal,6.94
shutters,
matchbox,
pictures,
with,5.94
jobs,
lost,3.64
javier,5.72
bardem,
and,5.4
tilda,
swinton,
among,
those,5.4
to,4.84
condemn,
berlinale,
s,5.02
silence,
on,6.1
gaza,
colbert,
on,6.1
kristi,
noem,
everyone,6.86
can,5.92
t,4.9
wait,4.84
to,4.84
tell,5.66
a,5.26
reporter,
how,5.64
awful,
you,6.58
are,5.46
pluto,
the,5.2
spinoff,
that,5.34
reshapes,
astro,
boy,6.2
into,5.32
a,5.26
provocative,
political,
drama,3.98
barbican,
arts,6.94
director,6.12
to,4.84
leave,4.4
months,
after,5.4
revealing,
creative,7.46
vision,
for,5.32
centre,
british,
museum,
removes,
word,6.14
palestine,
from,5.66
some,5.76
displays,
the,5.2
guide,
from,5.66
oasis,
to,4.84
bowie,
your,5.98
stories,
of,4.82
seeing,
pre,5.34
stardom,
acts,
my,5.98
cultural,7.0
awakening,
thirteen,
influenced,
my,5.98
hedonistic,
youth,
until,5.32
a,5.26
psychotic,
episode,
ended,
it,5.46
from,5.66
wuthering,
heights,
to,4.84
mario,5.7
tennis,
fever,
your,5.98
complete,
entertainment,
guide,
to,4.84
the,5.2
week,6.16
ahead,
the,5.2
southbank,
centre,
is,5.34
striking,
polarising,
and,5.4
now,6.14
protected,
letters,
jimmy,
kimmel,
on,6.1
maga,
it,5.46
s,5.02
such,
a,5.26
delicate,
balance,6.5
between,
stupid,3.32
and,5.4
evil,
jimmy,
kimmel,
on,6.1
the,5.2
us,5.94
justice,
department,
s,5.02
handling,
of,4.82
the,5.2
epstein,
files,
a,5.26
brazen,
cover,5.38
up,6.08
fantastic,
great,7.36
move,
well,6.56
done,6.58
angus,
the,5.2
story,6.74
of,4.82
one,5.8
of,4.82
australia,6.76
s,5.02
favourite,
political,
memes,
comedians,
pick,
on,6.1
me,6.0
for,5.32
my,5.98
loud,
laugh,
but,4.66
nothing,4.16
will,6.18
make,6.08
me,6.0
stop,4.74
jane,
howard,
jimmy,
kimmel,
on,6.1
trump,
a,5.26
code,5.48
orange,
de,5.42
mental,6.2
emergency,
going,6.02
on,6.1
here,5.8
right,6.38
now,6.14
jon,
stewart,5.4
calls,
maga,
backlash,
to,4.84
bad,2.88
bunny,
s,5.02
super,7.26
bowl,
show,7.26
actually,
pathetic,
eternal,
sunshine,
of,4.82
the,5.2
spotless,
mind,6.2
was,4.84
never,3.76
a,5.26
love,8.26
story,6.74
it,5.46
was,4.84
a,5.26
warning,
actor,6.44
catherine,
o,4.96
hara,5.34
died,
of,4.82
a,5.26
blood,4.2
clot,
in,5.76
her,5.86
lungs,
death,1.82
certificate,
says,5.66
we,5.96
recorded,
it,5.46
in,5.76
a,5.26
kitchen,
how,5.64
china,5.68
crisis,2.5
made,5.66
black,5.58
man,6.14
ray,
super,7.26
bowl,
bad,2.88
bunny,
the,5.2
ads,
and,5.4
everything,6.52
but,4.66
the,5.2
football,
as,5.2
it,5.46
happened,
perth,
festival,7.62
swan,
river,6.68
bursts,
to,4.84
life,7.52
with,5.94
a,5.26
stunning,
trail,
of,4.82
stories,
and,5.4
light,6.82
porky,
pig,
and,5.4
daffy,
duck,
jacob,
elordi,
that,5.34
hair,
those,5.4
dreamboat,
eyes,6.74
the,5.2
guide,
how,5.64
an,5.08
indie,
movie,7.62
distributed,
by,5.28
a,5.26
lone,
gamer,
broke,
the,5.2
us,5.94
box,6.0
office,6.08
my,5.98
cultural,7.0
awakening,
bach,
helped,
me,6.0
survive,
sexual,6.78
abuse,
as,5.2
a,5.26
child,
from,5.66
lord,
of,4.82
the,5.2
flies,
to,4.84
deftones,
your,5.98
complete,
entertainment,
guide,
to,4.84
the,5.2
week,6.16
ahead,
austin,
butler,
to,4.84
play,7.32
lance,
armstrong,
in,5.76
big,6.66
screen,
biopic,
stephen,
colbert,
trump,
would,5.32
eat,
a,5.26
bicycle,
tire,4.86
if,5.2
you,6.58
put,5.3
it,5.46
on,6.1
a,5.26
bun,
aacta,
awards,
horror,2.64
film,7.0
bring,5.88
her,5.86
back,4.84
and,5.4
jacob,
elordi,
win,7.6
big,6.66
at,4.9
australian,
film,7.0
and,5.4
tv,6.56
prizes,
volcanic,
vulvas,
and,5.4
hermaphrodite,
marble,
ovid,
s,5.02
metamorphoses,
reshaped,
at,4.9
the,5.2
rijksmuseum,
seth,
meyers,
on,6.1
trump,
skipping,
the,5.2
super,7.26
bowl,
of,4.82
course,
he,5.36
is,5.34
worried,
about,5.38
getting,6.0
booed,
one,5.8
of,4.82
the,5.2
most,6.12
stunning,
sights,
in,5.76
the,5.2
country,6.22
your,5.98
picks,
for,5.32
uk,6.12
town,
of,4.82
culture,
it,5.46
s,5.02
an,5.08
opportunity,
for,5.32
bonding,
my,5.98
quest,
to,4.84
become,
a,5.26
black,5.58
dad,
who,5.14
can,5.92
do,5.66
his,5.32
daughters,
hair,
jimmy,
kimmel,
on,6.1
trump,
we,5.96
are,5.46
now,6.14
at,4.9
the,5.2
women,
should,4.86
smile,7.98
more,6.34
stage,
of,4.82
his,5.32
presidency,
the,5.2
guide,
against,
my,5.98
better,7.38
judgment,
a,5.26
knight,
of,4.82
the,5.2
seven,
kingdoms,
has,5.52
me,6.0
back,4.84
in,5.76
westeros,
randa,
abdel,
fattah,
and,5.4
louise,
adler,
to,4.84
headline,
alternative,
to,4.84
cancelled,
adelaide,
writers,
week,6.16
jon,
stewart,5.4
on,6.1
epstein,
files,
i,5.12
m,4.76
just,5.54
not,3.88
sure,6.24
anybody,
is,5.34
going,6.02
to,4.84
be,5.66
held,
accountable,
pain,
is,5.34
a,5.26
violent,
lover,
daisy,
lafarge,
on,6.1
the,5.2
paintings,
she,6.18
made,5.66
when,5.3
floored,
with,5.94
agony,
from,5.66
dorset,
to,4.84
the,5.2
world,6.84
wave,
of,4.82
donations,
helps,
to,4.84
secure,
cerne,
giant,
s,5.02
home,7.5
we,5.96
put,5.3
a,5.26
stink,
bomb,
in,5.76
stephen,
fry,
s,5.02
shoe,
vic,
and,5.4
bob,5.46
on,6.1
the,5.2
inspired,
idiocy,
of,4.82
shooting,
stars,
sydney,
biennale,
hoor,
al,5.14
qasimi,
unveils,
expansive,
program,
for,5.32
edition,5.94
meryl,
streep,
is,5.34
as,5.2
withering,
as,5.2
ever,5.18
in,5.76
first,6.92
full,5.84
length,
trailer,6.18
for,5.32
devil,
wears,
prada,
letter,
mark,
fisher,
obituary,
wil,
anderson,
i,5.12
honestly,
believe,6.58
being,6.2
mistaken,
for,5.32
adam,
hills,
is,5.34
one,5.8
of,4.82
the,5.2
great,7.36
gifts,
of,4.82
my,5.98
life,7.52
one,5.8
of,4.82
the,5.2
greatest,
comic,
talents,
tributes,
paid,
to,4.84
actor,6.44
catherine,
o,4.96
hara,5.34
from,5.66
nouvelle,
vague,
to,4.84
mock,
the,5.2
week,6.16
your,5.98
complete,
entertainment,
guide,
to,4.84
the,5.2
week,6.16
ahead,
primate,
to,4.84
tyler,
ballgame,
the,5.2
week,6.16
in,5.76
rave,
reviews,6.36
catherine,
o,4.96
hara,5.34
managed,
to,4.84
make,6.08
difficult,
characters,
utterly,
delightful,
catherine,
o,4.96
hara,5.34
actor,6.44
known,
for,5.32
home,7.5
alone,3.48
and,5.4
schitt,
s,5.02
creek,
dies,
aged,
colbert,
on,6.1
springsteen,
s,5.02
anti,
ice,
song,7.54
do,5.66
you,6.58
know,6.26
how,5.64
hard,4.64
it,5.46
is,5.34
to,4.84
rhyme,
with,5.94
minneapolis,
if,5.2
the,5.2
west,
doesn,
t,4.9
say,5.82
a,5.26
film,7.0
is,5.34
good,7.82
that,5.34
doesn,
t,4.9
mean,5.02
it,5.46
s,5.02
no,3.34
good,7.82
begging,
my,5.98
boyfriend,
to,4.84
get,6.0
one,5.8
paul,5.56
mescal,
inspires,
yet,
another,5.7
fashion,
craze,
with,5.94
hamnet,
earring,
seth,
meyers,
on,6.1
minneapolis,
trump,
is,5.34
trying,6.2
to,4.84
distance,
himself,
from,5.66
the,5.2
chaos,
he,5.36
created,
blood,4.2
butter,
and,5.4
boys,6.3
in,5.76
luv,
bts,
s,5.02
best,7.72
songs,6.98
ranked,
post,5.94
your,5.98
questions,
for,5.32
the,5.2
cardigans,
nina,
persson,
i,5.12
ve,5.82
read,6.5
this,5.38
picture,
book,7.14
so,5.32
many,6.4
times,5.76
but,4.66
only,5.1
years,6.16
later,
do,5.66
i,5.12
really,6.62
understand,6.76
it,5.46
lenore,
taylor,5.46
it,5.46
turned,
out,4.12
i,5.12
had,4.78
a,5.26
brain,
tumour,
six,
standup,
comics,7.2
on,6.1
what,5.16
spurred,
them,5.54
to,4.84
get,6.0
on,6.1
stage,
claire,
denis,
s,5.02
stars,
at,4.9
noon,
who,5.14
knew,
the,5.2
end,4.08
of,4.82
the,5.2
world,6.84
could,5.66
feel,6.72
so,5.32
romantic,
eric,
huntley,
obituary,
we,5.96
get,6.0
a,5.26
lot,5.62
of,4.82
requests,
for,5.32
it,5.46
to,4.84
be,5.66
used,
in,5.76
sex,7.52
scenes,
how,5.64
goldfrapp,
made,5.66
ooh,
la,5.3
la,5.3
blurry,
rats,
and,5.4
coyotes,
with,5.94
mange,
the,5.2
oddly,
thrilling,
subreddit,
dedicated,
to,4.84
identifying,
wildlife,
she,6.18
was,4.84
a,5.26
bitch,3.6
in,5.76
the,5.2
best,7.72
possible,
way,5.72
the,5.2
life,7.52
and,5.4
mysterious,
death,1.82
of,4.82
drag,
queen,
heklina,
i,5.12
don,6.22
t,4.9
go,6.34
around,5.74
telling,
people,6.92
i,5.12
love,8.26
the,5.2
spice,
girls,7.28
mo,4.96
gilligan,
s,5.02
honest,
playlist,
the,5.2
guide,
a,5.26
brain,
melting,
sci,
fi,
movie,7.62
marathon,
curated,
by,5.28
britain,
s,5.02
best,7.72
cult,
film,7.0
maker,
my,5.98
cultural,7.0
awakening,
a,5.26
queen,
song,7.54
helped,
me,6.0
break,5.92
free,7.84
from,5.66
communist,
cuba,6.36
from,5.66
saipan,
to,4.84
take,5.78
that,5.34
your,5.98
complete,
entertainment,
guide,
to,4.84
the,5.2
week,6.16
ahead,
tell,5.66
us,5.94
your,5.98
uk,6.12
town,
of,4.82
culture,
nomination,
the,5.2
village,
of,4.82
the,5.2
damned,
was,4.84
shot,5.36
here,5.8
then,5.4
george,5.5
harrison,
bought,5.84
a,5.26
house,6.92
our,5.92
uk,6.12
town,
of,4.82
culture,
nominations,
r,4.78
b,5.16
star,6.7
jill,
scott,
i,5.12
like,7.26
mystery,
i,5.12
love,8.26
sade,
but,4.66
i,5.12
don,6.22
t,4.9
know,6.26
what,5.16
she,6.18
had,4.78
for,5.32
breakfast,
letter,
colin,
ford,6.56
obituary,
museums,
must,5.26
reach,
all,6.34
parts,
of,4.82
uk,6.12
says,5.66
nandy,
as,5.2
of,4.82
arts,6.94
funding,
announced,
stephen,
colbert,
on,6.1
trump,
s,5.02
first,6.92
year,6.24
back,4.84
today,6.6
s,5.02
maniacal,
criminality,
distracts,
us,5.94
from,5.66
yesterday,5.44
s,5.02
maniac,
crimes,
we,5.96
played,
to,4.84
mexicans,
who,5.14
knew,
every,6.04
word,6.14
how,5.64
the,5.2
whitest,
boy,6.2
alive,
conquered,
the,5.2
world,6.84
sally,
tallant,
appointed,
as,5.2
new,7.06
director,6.12
of,4.82
london,7.04
s,5.02
hayward,
gallery,6.52
seth,
meyers,
on,6.1
trump,
it,5.46
shouldn,
t,4.9
be,5.66
this,5.38
hard,4.64
to,4.84
make,6.08
sense,
of,4.82
what,5.16
the,5.2
president,
says,5.66
and,5.4
does,5.5
mama,7.76
does,5.5
derby,
review,5.74
virginia,5.8
gay,5.36
s,5.02
town,
hall,
takeover,
is,5.34
ambitious,
entertaining,
and,5.4
irresistibly,
warm,
the,5.2
guide,
spoiler,
alert,
it,5.46
s,5.02
never,3.76
been,5.44
easier,
to,4.84
avoid,
having,5.88
your,5.98
favourite,
show,7.26
ruined,
my,5.98
cultural,7.0
awakening,
an,5.08
eddie,
izzard,
routine,
inspired,
me,6.0
to,4.84
learn,
french,6.32
and,5.4
get,6.0
a,5.26
job,
with,5.94
the,5.2
eu,5.58
hijack,
to,4.84
robbie,
williams,
the,5.2
week,6.16
in,5.76
rave,
reviews,6.36
from,5.66
years,6.16
later,
the,5.2
bone,
temple,
to,4.84
a,5.26
ap,5.46
rocky,
your,5.98
complete,
entertainment,
guide,
to,4.84
the,5.2
week,6.16
ahead,
jimmy,
kimmel,
on,6.1
the,5.2
midterms,
we,5.96
can,5.92
t,4.9
have,6.12
an,5.08
election,
soon,6.26
enough,
civilised,
but,4.66
casual,
often,
hilarious,
adelaide,
writers,
week,6.16
is,5.34
everything,6.52
a,5.26
festival,7.62
should,4.86
be,5.66
except,
this,5.38
year,6.24
tory,
shepherd,
soon,6.26
i,5.12
will,6.18
die,2.44
and,5.4
i,5.12
will,6.18
go,6.34
with,5.94
a,5.26
great,7.36
orgasm,
the,5.2
last,4.54
rites,
of,4.82
alejandro,5.5
jodorowsky,
call,5.8
this,5.38
social,6.7
cohesion,
the,5.2
war,2.04
of,4.82
words,6.16
that,5.34
laid,
waste,
to,4.84
the,5.2
adelaide,
writers,
festival,7.62
seth,
meyers,
on,6.1
ice,
an,5.08
army,
of,4.82
out,4.12
of,4.82
shape,
uncles,
ian,
mckellen,
to,4.84
star,6.7
as,5.2
ls,4.98
lowry,
in,5.76
documentary,
revealing,
trove,
of,4.82
unheard,
tapes,
has,5.52
joe,5.38
rogan,
fully,
soured,
on,6.1
trump,
s,5.02
presidency,
british,
indie,
band,
pulp,
agree,
to,4.84
play,7.32
adelaide,
festival,7.62
after,5.4
boycott,
u,5.12
turn,
jewish,
american,5.68
columnist,
thomas,
friedman,
says,5.66
he,5.36
was,4.84
uninvited,
from,5.66
adelaide,
writers,
week,6.16
over,4.2
timing,
star,6.7
trek,
starfleet,
academy,
review,5.74
holly,
hunter,
is,5.34
a,5.26
transgressive,
thrill,
in,5.76
this,5.38
horny,
high,6.58
school,6.46
spinoff,
adelaide,
festival,7.62
apologises,
to,4.84
randa,
abdel,
fattah,
and,5.4
invites,
her,5.86
to,4.84
participate,
in,5.76
writers,
week,6.16
churchill,
s,5.02
desk,
and,5.4
rare,
artwork,
among,
items,
donated,
to,4.84
uk,6.12
cultural,7.0
institutions,
jimmy,
kimmel,
on,6.1
ice,
shooting,
of,4.82
renee,
good,7.82
they,5.62
re,5.1
investigating,
the,5.2
victims,
instead,
of,4.82
the,5.2
perpetrator,
a,5.26
very,6.3
tough,
moment,5.88
how,5.64
trump,
has,5.52
put,5.3
museums,
in,5.76
jeopardy,
jon,
stewart,5.4
on,6.1
the,5.2
minneapolis,
ice,
shooting,
we,5.96
are,5.46
in,5.76
a,5.26
confusing,
dark,4.48
place,6.38
adelaide,
writers,
week,6.16
cancelled,
as,5.2
board,
apologises,
to,4.84
randa,
abdel,
fattah,
for,5.32
how,5.64
decision,
was,4.84
represented,
louise,
adler,
resigns,
as,5.2
director,6.12
of,4.82
adelaide,
writers,
week,6.16
jacinda,
ardern,
pulls,
out,4.12
of,4.82
adelaide,
writers,
week,6.16
as,5.2
fallout,
over,4.2
randa,
abdel,
fattah,
s,5.02
axing,
continues,
it,5.46
was,4.84
inspired,
by,5.28
a,5.26
snog,
in,5.76
a,5.26
photo,7.04
booth,
how,5.64
thompson,
twins,
made,5.66
hold,
me,6.0
now,6.14
post,5.94
your,5.98
questions,
for,5.32
r,4.78
b,5.16
star,6.7
jill,
scott,
mindy,
meng,
wang,
on,6.1
the,5.2
disorienting,
experience,
of,4.82
her,5.86
father,
s,5.02
funeral,
and,5.4
the,5.2
chinese,
cyber,
opera,6.48
it,5.46
inspired,
hawaii,
a,5.26
kingdom,
crossing,
oceans,
review,5.74
a,5.26
feather,
filled,
thriller,
full,5.84
of,4.82
gods,
gourds,
and,5.4
ghosts,
three,
board,
members,5.82
and,5.4
board,
chair,
resign,
from,5.66
adelaide,
festival,7.62
as,5.2
randa,
abdel,
fattah,
sends,
legal,5.78
notice,5.5
adelaide,
festival,7.62
did,5.18
not,3.88
dump,
jewish,
columnist,
from,5.66
program,
despite,
request,
from,5.66
randa,
abdel,
fattah,
and,5.4
others,5.56
eddie,
izzard,
i,5.12
once,6.02
ran,
in,5.76
just,5.54
under,4.6
hours,5.66
that,5.34
was,4.84
a,5.26
tough,
day,6.48
my,5.98
cultural,7.0
awakening,
losing,
my,5.98
religion,
by,5.28
rem,
helped,
me,6.0
escape,
a,5.26
doomsday,
cult,
industry,
to,4.84
blue,6.26
velvet,
the,5.2
week,6.16
in,5.76
rave,
reviews,6.36
from,5.66
hamnet,
to,4.84
bridget,
christie,
your,5.98
complete,
entertainment,
guide,
to,4.84
the,5.2
week,6.16
ahead,
the,5.2
guide,
everyone,6.86
loves,7.84
an,5.08
origin,
story,6.74
guardian,
debuts,
from,5.66
the,5.2
beatles,7.38
to,4.84
donkey,
kong,5.6
comedy,
and,5.4
tragedy,
with,5.94
spike,
milligan,
letter,
warren,
lakin,
obituary,
ai,5.16
salman,
rushdie,
and,5.4
elon,
musk,
the,5.2
most,6.12
anticipated,
documentaries,
of,4.82
stephen,
colbert,
on,6.1
ice,
killing,
of,4.82
minnesota,
woman,7.48
a,5.26
senseless,
yet,
entirely,
predictable,
tragedy,
almost,5.66
writers,
boycott,
adelaide,
festival,7.62
after,5.4
it,5.46
dumps,
palestinian,
academic,
randa,
abdel,
fattah,
seth,
meyers,
on,6.1
trump,
officials,
justifying,
venezuela,5.54
assault,
lamest,
dorks,
on,6.1
the,5.2
planet,
singer,
songwriter,
bill,
callahan,
i,5.12
m,4.76
not,3.88
a,5.26
craftsman,
i,5.12
m,4.76
more,6.34
of,4.82
a,5.26
drunk,4.28
professor,
who,5.14
likes,
coincidence,
and,5.4
mistakes,
adelaide,
festival,7.62
dumps,
prominent,
academic,
randa,
abdel,
fattah,
over,4.2
cultural,7.0
sensitivity,
concerns,
after,5.4
bondi,
attack,
one,5.8
battle,
after,5.4
another,5.7
and,5.4
the,5.2
studio,6.04
lead,
actor,6.44
awards,
nominations,
kimmel,
on,6.1
trump,
s,5.02
whitewashing,
of,4.82
january,6.2
anniversary,
don,6.22
t,4.9
give,6.26
in,5.76
to,4.84
this,5.38
revisionist,
history,
dolly,
dreamgirls,
and,5.4
daniel,5.68
radcliffe,
the,5.2
biggest,6.5
broadway,
shows,
of,4.82
jon,
stewart,5.4
on,6.1
trump,
s,5.02
military,
intervention,
in,5.76
venezuela,5.54
this,5.38
is,5.34
all,6.34
exhausting,
i,5.12
wanted,
that,5.34
raiders,
of,4.82
the,5.2
lost,3.64
ark,
excitement,
you,6.58
could,5.66
die,2.44
any,5.56
minute,
how,5.64
we,5.96
made,5.66
hit,5.6
video,6.7
game,7.08
prince,
of,4.82
persia,
the,5.2
guide,
bondage,
bronte,
to,4.84
more,6.34
comeback,
tours,
what,5.16
will,6.18
be,5.66
s,5.02
big,6.66
cultural,7.0
hitters,
my,5.98
cultural,7.0
awakening,
i,5.12
may,5.72
destroy,
you,6.58
helped,
me,6.0
confront,
being,6.2
spiked,
the,5.2
traitors,
to,4.84
dry,
cleaning,
the,5.2
week,6.16
in,5.76
rave,
reviews,6.36
from,5.66
song,7.54
sung,
blue,6.26
to,4.84
theatre,
picasso,
your,5.98
complete,
entertainment,
guide,
to,4.84
the,5.2
week,6.16
ahead,
forget,4.24
keanu,
ulster,
scots,
translation,
of,4.82
beckett,
classic,
takes,
on,6.1
spate,
of,4.82
celebrity,
godots,
demon,
slayer,
economics,
how,5.64
the,5.2
anime,6.56
juggernaut,
became,
a,5.26
saviour,
the,5.2
year,6.24
of,4.82
the,5.2
self,
mocking,
man,6.14
sketch,
dumb,
masculinity,
is,5.34
very,6.3
funny,7.66
an,5.08
arab,
in,5.76
a,5.26
post,5.94
world,6.84
khalid,
abdalla,
s,5.02
one,5.8
man,6.14
play,7.32
about,5.38
belonging,
comes,6.52
to,4.84
australia,6.76
tension,
on,6.1
the,5.2
streets,
the,5.2
mushroom,
trial,
circus,
and,5.4
a,5.26
devastating,
terrorist,
attack,
looking,6.08
back,4.84
on,6.1
australia,6.76
s,5.02
turbulent,
the,5.2
best,7.72
films,
of,4.82
you,6.58
may,5.72
not,3.88
have,6.12
seen,
i,5.12
once,6.02
bogarted,
a,5.26
joint,
from,5.66
a,5.26
beatle,
stewart,5.4
copeland,
of,4.82
the,5.2
police,
from,5.66
central,5.8
cee,
to,4.84
adolescence,
in,5.76
british,
culture,
had,4.78
a,5.26
global,6.74
moment,5.88
but,4.66
can,5.92
it,5.46
last,4.54
the,5.2
best,7.72
songs,6.98
of,4.82
you,6.58
may,5.72
not,3.88
have,6.12
heard,
the,5.2
guide,
from,5.66
surprise,
tv,6.56
hits,6.48
to,4.84
year,6.24
defining,
records,
what,5.16
floated,
your,5.98
boats,
this,5.38
year,6.24
my,5.98
cultural,7.0
awakening,
a,5.26
turner,
painting,
helped,
me,6.0
come,6.74
to,4.84
terms,5.18
with,5.94
my,5.98
cancer,
diagnosis,
the,5.2
lowdown,
to,4.84
the,5.2
devil,
s,5.02
backbone,
the,5.2
week,6.16
in,5.76
rave,
reviews,6.36
from,5.66
marty,
supreme,
to,4.84
the,5.2
traitors,
your,5.98
complete,
entertainment,
guide,
to,4.84
the,5.2
week,6.16
ahead,
jewish,
klezmer,
dance,7.32
band,
oi,5.72
va,6.24
voi,5.1
musicians,
shouldn,
t,4.9
have,6.12
to,4.84
keep,6.04
looking,6.08
over,4.2
their,5.46
shoulders,
british,
museum,
s,5.02
plan,6.3
for,5.32
red,6.16
white,6.1
and,5.4
blue,6.26
ball,6.2
sparks,
row,
the,5.2
titanic,5.56
sinclair,
and,5.4
brexit,
the,5.2
museum,
of,4.82
failure,
is,5.34
coming,6.12
to,4.84
the,5.2
uk,6.12
from,5.66
lily,
allen,
to,4.84
six,
seven,
it,5.46
s,5.02
the,5.2
bumper,
pop,6.3
culture,
quiz,
of,4.82
the,5.2
year,6.24
the,5.2
best,7.72
australian,
films,
of,4.82
the,5.2
apartment,
billy,
wilder,
s,5.02
christmas,7.96
classic,
is,5.34
the,5.2
blueprint,
for,5.32
romcoms,
everywhere,6.74
john,5.88
updike,
s,5.02
best,7.72
books,
ranked,
unseen,
tennessee,
williams,
radio,6.92
play,7.32
published,
in,5.76
literary,
magazine,
my,5.98
cultural,7.0
awakening,
love,8.26
actually,
taught,
me,6.0
to,4.84
leave,4.4
my,5.98
cheating,
partner,
the,5.2
guide,
from,5.66
celebrity,
traitors,
to,4.84
the,5.2
brutalist,
via,5.76
bad,2.88
bunny,
our,5.92
roundup,
of,4.82
the,5.2
culture,
that,5.34
mattered,
in,5.76
from,5.66
avatar,6.72
to,4.84
amadeus,
your,5.98
complete,
entertainment,
guide,
to,4.84
the,5.2
week,6.16
ahead,
jimmy,
kimmel,
on,6.1
a,5.26
tumultuous,
year,6.24
don,6.22
t,4.9
know,6.26
what,5.16
the,5.2
american,5.68
way,5.72
even,5.74
is,5.34
any,5.56
more,6.34
jimmy,
kimmel,
on,6.1
trump,
s,5.02
speech,
surprise,
primetime,
episode,
of,4.82
the,5.2
worst,
wing,
stephen,
colbert,
on,6.1
susie,
wiles,
s,5.02
candid,
interviews,
she,6.18
dished,
bish,
the,5.2
best,7.72
albums,
of,4.82
no,3.34
blood,4.2
orange,
essex,
honey,
arts,6.94
funding,
in,5.76
england,
must,5.26
be,5.66
protected,
from,5.66
politics,
hodge,
report,5.2
urges,
the,5.2
hodge,
report,5.2
into,5.32
arts,6.94
council,
england,
not,3.88
exactly,
a,5.26
ringing,
endorsement,
jimmy,
kimmel,
on,6.1
trump,
s,5.02
rob,
reiner,
comments,5.96
so,5.32
hateful,
and,5.4
vile,
the,5.2
vietnam,3.9
war,2.04
ended,
years,6.16
ago,5.12
but,4.66
its,5.18
lessons,
live,7.1
on,6.1
in,5.76
the,5.2
quiet,
american,5.68
fans,6.58
stole,
my,5.98
underwear,
and,5.4
even,5.74
my,5.98
car,6.74
aerial,
how,5.64
roxette,
made,5.66
it,5.46
must,5.26
have,6.12
been,5.44
love,8.26
my,5.98
cultural,7.0
awakening,
the,5.2
lehman,
trilogy,
helped,
me,6.0
to,4.84
live,7.1
with,5.94
my,5.98
sight,
loss,
the,5.2
guide,
endless,
ticket,
queues,
ai,5.16
slop,
and,5.4
all,6.34
caps,
agony,
from,5.66
eleanor,
the,5.2
great,7.36
to,4.84
emily,
in,5.76
paris,7.14
your,5.98
complete,
entertainment,
guide,
to,4.84
the,5.2
week,6.16
ahead,
lurker,
to,4.84
our,5.92
girls,7.28
the,5.2
week,6.16
in,5.76
rave,
reviews,6.36
stephen,
colbert,
on,6.1
trump,
s,5.02
gold,7.26
card,5.96
pay,
to,4.84
play,7.32
program,
for,5.32
rich,
foreigners,
like,7.26
lipstick,
on,6.1
a,5.26
fabulous,
gorilla,
the,5.2
barbican,
s,5.02
many,6.4
gaudy,
glow,
ups,4.6
and,5.4
the,5.2
one,5.8
to,4.84
top,6.44
them,5.54
all,6.34
maria,6.08
balshaw,
to,4.84
step,
down,3.7
as,5.2
director,6.12
of,4.82
tate,
after,5.4
nine,
years,6.16
astonishing,
how,5.64
stanley,
baxter,
s,5.02
tv,6.56
extravaganzas,
reached,
million,7.3
barbican,
to,4.84
close,5.0
its,5.18
doors,
for,5.32
a,5.26
year,6.24
for,5.32
multimillion,
pound,
renovation,
seth,
meyers,
to,4.84
trump,
you,6.58
can,5.92
t,4.9
convince,
people,6.92
the,5.2
economy,
is,5.34
good,7.82
when,5.3
they,5.62
can,5.92
see,6.16
the,5.2
truth,
the,5.2
world,6.84
s,5.02
most,6.12
sublime,
dinner,
set,5.66
for,5.32
guests,
makers,
from,5.66
japan,6.32
review,5.74
dragon,6.64
s,5.02
teeth,
and,5.4
elf,
garden,
among,
additions,
to,4.84
english,6.58
heritage,
list,5.58
jimmy,
kimmel,
on,6.1
trump,
what,5.16
a,5.26
child,
he,5.36
is,5.34
discover,
australia,6.76
s,5.02
top,6.44
children,
s,5.02
picture,
books,
as,5.2
nominated,
by,5.28
guardian,
readers,
jon,
stewart,5.4
on,6.1
fifa,5.9
s,5.02
peace,7.86
prize,
an,5.08
entirely,
fictitious,
golden,
butt,
plug,
joyful,
irreverent,
endlessly,
quotable,
why,4.48
hunt,
for,5.32
the,5.2
wilderpeople,
is,5.34
the,5.2
perfect,7.86
holiday,
movie,7.62
my,5.98
cultural,7.0
awakening,
jonathan,
groff,
inspired,
me,6.0
to,4.84
overcome,
my,5.98
stammer,
true,7.2
activism,
has,5.52
to,4.84
cost,
you,6.58
something,5.6
bridgerton,
s,5.02
nicola,
coughlan,
on,6.1
politics,
paparazzi,
and,5.4
parasocial,
fandom,
from,5.66
eternity,
to,4.84
jamiroquai,
your,5.98
complete,
entertainment,
guide,
to,4.84
the,5.2
week,6.16
ahead,
the,5.2
guide,
the,5.2
best,7.72
things,5.78
we,5.96
watched,
read,6.5
and,5.4
listened,
to,4.84
this,5.38
year,6.24
that,5.34
weren,
t,4.9
from,5.66
stephen,
colbert,
on,6.1
pete,
hegseth,
s,5.02
venezuela,5.54
scandal,
frantically,
pointing,
the,5.2
finger,
barbican,
revamp,
to,4.84
give,6.26
bewildering,
arts,6.94
centre,
a,5.26
new,7.06
lease,
of,4.82
life,7.52
a,5.26
minimalist,
statement,
or,5.24
just,5.54
pantonedeaf,
cloud,
dancer,
shade,
of,4.82
white,6.1
named,
pantone,
s,5.02
colour,
of,4.82
the,5.2
year,6.24
jimmy,
kimmel,
on,6.1
pete,
hegseth,
our,5.92
secretary,
of,4.82
war,2.04
crimes,
jimmy,
kimmel,
on,6.1
the,5.2
trump,
administration,
they,5.62
have,6.12
better,7.38
quality,
cabinets,
at,4.9
ikea,
norman,
conquest,
coin,
hoard,
to,4.84
go,6.34
on,6.1
show,7.26
in,5.76
bath,
before,5.16
permanent,
display,
jon,
stewart,5.4
on,6.1
trump,
claiming,
not,3.88
to,4.84
know,6.26
about,5.38
his,5.32
own,5.6
mri,
that,5.34
s,5.02
not,3.88
physically,
possible,
we,5.96
didn,
t,4.9
think,6.42
back,4.84
to,4.84
the,5.2
future,
sounded,
plausible,
or,5.24
good,7.82
huey,
lewis,
and,5.4
the,5.2
news,6.3
on,6.1
the,5.2
power,6.94
of,4.82
love,8.26
a,5.26
traitors,
cloak,
britpop,
trumps,
and,5.4
a,5.26
very,6.3
arty,
swearbox,
it,5.46
s,5.02
the,5.2
culture,
christmas,7.96
gift,6.84
guide,
comedian,
judi,
love,8.26
i,5.12
m,4.76
a,5.26
big,6.66
girl,7.4
the,5.2
boss,
and,5.4
you,6.58
love,8.26
it,5.46
fran,
lebowitz,
hiking,
is,5.34
the,5.2
most,6.12
stupid,3.32
thing,5.7
i,5.12
could,5.66
ever,5.18
imagine,7.42
my,5.98
cultural,7.0
awakening,
thelma,
louise,
made,5.66
me,6.0
realise,
i,5.12
was,4.84
stuck,
in,5.76
an,5.08
unhappy,
marriage,
the,5.2
guide,
don,6.22
t,4.9
panic,
revisiting,
the,5.2
millennium,
s,5.02
wildest,
cultural,7.0
predictions,
from,5.66
christy,
to,4.84
neil,
young,7.08
your,5.98
complete,
entertainment,
guide,
to,4.84
the,5.2
week,6.16
ahead,
susan,
loppert,
obituary,
oh,5.44
yes,7.46
he,5.36
is,5.34
kiefer,
sutherland,
dives,
into,5.32
the,5.2
world,6.84
of,4.82
panto,
o,4.96
come,6.74
out,4.12
ye,
faithful,
a,5.26
joyful,
roundup,
of,4.82
uk,6.12
culture,
this,5.38
christmas,7.96
nominate,
your,5.98
favourite,
australian,
children,
s,5.02
picture,
book,7.14
of,4.82
all,6.34
time,5.76
jimmy,
kimmel,
thankful,
that,5.34
we,5.96
only,5.1
have,6.12
five,
weeks,5.6
left,
in,5.76
this,5.38
year,6.24
seth,
meyers,
on,6.1
trump,
s,5.02
meeting,
with,5.94
mamdani,
i,5.12
ve,5.82
never,3.76
seen,
trump,
this,5.38
smitten,
before,5.16
moving,
an,5.08
elegant,
portrait,
of,4.82
japan,6.32
through,
tweenage,
eyes,6.74
graham,
linehan,
cleared,
of,4.82
harassing,
trans,
activist,
but,4.66
convicted,
of,4.82
damaging,
phone,6.34
diaries,
artworks,
and,5.4
more,6.34
to,4.84
be,5.66
auctioned,
from,5.66
marianne,
faithfull,
s,5.02
personal,6.02
belongings,
donald,
glover,
reveals,
he,5.36
had,4.78
a,5.26
stroke,
on,6.1
childish,
gambino,
tour,7.08
in,5.76
he,5.36
was,4.84
just,5.54
trying,6.2
to,4.84
earn,
a,5.26
few,
kopecks,
how,5.64
newly,
translated,
stories,
reveal,
chekhov,
s,5.02
silly,
side,5.36
from,5.66
wicked,
for,5.32
good,7.82
to,4.84
stranger,
things,5.78
your,5.98
complete,
entertainment,
guide,
to,4.84
the,5.2
week,6.16
ahead,
from,5.66
the,5.2
death,1.82
of,4.82
bunny,
munro,
to,4.84
wicked,
for,5.32
good,7.82
the,5.2
week,6.16
in,5.76
rave,
reviews,6.36
kristen,5.38
bell,
and,5.4
brian,
cox,
among,
actors,
shocked,
they,5.62
re,5.1
attached,
to,4.84
fox,5.4
news,6.3
podcast,6.2
the,5.2
guide,
for,5.32
gen,
zers,
like,7.26
me,6.0
youtube,7.46
isn,
t,4.9
an,5.08
app,6.18
or,5.24
a,5.26
website,6.56
it,5.46
s,5.02
the,5.2
backdrop,
to,4.84
our,5.92
waking,
lives,
stephen,
colbert,
on,6.1
trump,
v,4.92
epstein,
files,
fighting,
tooth,
and,5.4
cankle,
after,5.4
years,6.16
talking,
to,4.84
knights,
squires,
and,5.4
wizards,
i,5.12
understand,6.76
why,4.48
ren,
fairs,
are,5.46
booming,
seth,
meyers,
on,6.1
epstein,
files,
it,5.46
s,5.02
obvious,
why,4.48
trump,
fought,
so,5.32
hard,4.64
to,4.84
stop,4.74
this,5.38
bill,
from,5.66
passing,
my,5.98
cultural,7.0
awakening,
i,5.12
moved,
across,
the,5.2
world,6.84
after,5.4
watching,5.88
a,5.26
billy,
connolly,
documentary,
jimmy,
kimmel,
on,6.1
epstein,
files,
congressional,
vote,
make,6.08
no,3.34
mistake,
this,5.38
isn,
t,4.9
over,4.2
british,
museum,
ends,
deeply,
troubling,
sponsorship,
from,5.66
japanese,
tobacco,
firm,
why,4.48
don,6.22
t,4.9
conservatives,
get,6.0
credit,
for,5.32
culture,
funding,
letter,
jon,
stewart,5.4
on,6.1
trump,
s,5.02
epstein,
files,
flip,
flop,
this,5.38
dude,5.82
is,5.34
flailing,
north,6.0
by,5.28
northwest,
hitchcock,
s,5.02
funniest,
most,6.12
ambitious,
film,7.0
david,5.34
nicholls,
to,4.84
adapt,
the,5.2
secret,
diary,
of,4.82
adrian,
mole,
aged,
for,5.32
bbc,
people,6.92
still,5.38
blame,
me,6.0
for,5.32
their,5.46
perforated,
eardrums,
how,5.64
we,5.96
made,5.66
the,5.2
tango,6.66
ads,
memoirs,
myths,
and,5.4
midnight,6.32
s,5.02
children,
salman,
rushdie,
s,5.02
best,7.72
books,
ranked,
high,6.58
art,7.26
the,5.2
museum,
that,5.34
is,5.34
only,5.1
accessible,
via,5.76
an,5.08
eight,
hour,
hike,
spanish,7.16
armada,3.98
era,5.0
astrolabe,
returns,
to,4.84
scilly,
after,5.4
mysterious,
global,6.74
journey,
the,5.2
running,
man,6.14
to,4.84
david,5.34
hockney,
your,5.98
complete,
entertainment,
guide,
to,4.84
the,5.2
week,6.16
ahead,
the,5.2
guide,
the,5.2
louvre,
heist,
seems,
straight,
out,4.12
of,4.82
a,5.26
screenplay,
no,3.34
wonder,
on,6.1
screen,
capers,
have,6.12
us,5.94
gripped,
seth,
meyers,
on,6.1
trump,
the,5.2
most,6.12
unpopular,
president,
of,4.82
all,6.34
time,5.76
colbert,
on,6.1
trump,
and,5.4
epstein,
they,5.62
were,5.1
best,7.72
pals,
and,5.4
underage,
girls,7.28
was,4.84
epstein,
s,5.02
whole,
thing,5.7
colbert,
on,6.1
trump,
building,
a,5.26
massive,
compensation,
for,5.32
his,5.32
weird,
tiny,
penis,
i,5.12
really,6.62
enjoyed,
it,5.46
new,7.06
rsc,
curriculum,
brings,
shakespeare,
s,5.02
works,
to,4.84
life,7.52
in,5.76
uk,6.12
classrooms,
jon,
stewart,5.4
on,6.1
government,
shutdown,
deal,
a,5.26
world,6.84
class,
collapse,
by,5.28
democrats,
old,4.48
is,5.34
m,4.76
night,7.06
shyamalan,
at,4.9
his,5.32
best,7.72
ambitious,
abrasive,
and,5.4
surprisingly,
poignant,
harlem,
has,5.52
always,6.9
been,5.44
evolving,
inside,
the,5.2
studio,6.04
museum,
s,5.02
new,7.06
home,7.5
most,6.12
of,4.82
it,5.46
was,4.84
the,5.2
conga,
preset,
on,6.1
prince,
s,5.02
drum,
machine,
how,5.64
fine,
young,7.08
cannibals,
made,5.66
she,6.18
drives,
me,6.0
crazy,5.38
groundbreaking,
british,
museum,
show,7.26
set,5.66
to,4.84
challenge,
samurai,
myths,
we,5.96
don,6.22
t,4.9
want,6.34
to,4.84
leave,4.4
people,6.92
shocked,
and,5.4
trembling,
inside,
the,5.2
graphic,
new,7.06
play,7.32
tackling,
violent,
porn,
addiction,
paul,5.56
kelly,
imagine,7.42
by,5.28
john,5.88
lennon,
is,5.34
probably,
one,5.8
of,4.82
the,5.2
worst,
songs,6.98
ever,5.18
written,
i,5.12
can,5.92
t,4.9
stand,
it,5.46
my,5.98
cultural,7.0
awakening,
the,5.2
big,6.66
lebowski,
inspired,
me,6.0
to,4.84
embrace,
unemployment,
the,5.2
guide,
celebrity,
traitors,
was,4.84
a,5.26
watercooler,
moment,5.88
smash,
hit,5.6
but,4.66
how,5.64
long,5.68
will,6.18
audiences,
stay,5.78
faithful,
from,5.66
the,5.2
celebrity,
traitors,
finale,
to,4.84
a,5.26
margaret,
atwood,
memoir,
the,5.2
week,6.16
in,5.76
rave,
reviews,6.36
die,2.44
my,5.98
love,8.26
to,4.84
s,5.02
lux,
your,5.98
complete,
entertainment,
guide,
to,4.84
the,5.2
week,6.16
ahead,
seth,
meyers,
trump,
has,5.52
no,3.34
idea,7.36
what,5.16
regular,5.22
people,6.92
are,5.46
going,6.02
through,
and,5.4
he,5.36
doesn,
t,4.9
care,6.56
seth,
meyers,
on,6.1
mamdani,
s,5.02
win,7.6
the,5.2
kind,
of,4.82
energy,
democrats,
have,6.12
been,5.44
desperately,
seeking,
for,5.32
years,6.16
garden,
shed,
of,4.82
vaccine,
pioneer,
edward,
jenner,
added,5.96
to,4.84
heritage,
at,4.9
risk,
register,
miss,5.96
piggy,
movie,7.62
on,6.1
way,5.72
from,5.66
jennifer,
lawrence,
emma,
stone,
and,5.4
cole,5.4
escola,
colbert,
on,6.1
pelosi,
calling,
trump,
a,5.26
vile,
creature,
you,6.58
know,6.26
who,5.14
agrees,
most,6.12
americans,
de,5.42
niro,
to,4.84
jlaw,
should,4.86
celebrities,
be,5.66
expected,
to,4.84
speak,
out,4.12
against,
trump,
jon,
stewart,5.4
on,6.1
trump,
s,5.02
gatsby,
party,8.0
the,5.2
theme,5.86
was,4.84
apparently,
gross,
income,
inequality,
three,
decades,
later,
the,5.2
truman,
show,7.26
feels,
freshly,
disturbing,
and,5.4
astoundingly,
prescient,
big,6.66
trouble,
in,5.76
little,5.52
berlin,6.66
the,5.2
tiny,
hamlet,
split,
in,5.76
two,5.72
by,5.28
the,5.2
cold,
war,2.04
josh,
o,4.96
connor,
the,5.2
shape,
shifting,
star,6.7
who,5.14
became,
cinema,
s,5.02
most,6.12
wanted,
from,5.66
bugonia,
to,4.84
all,6.34
s,5.02
fair,
your,5.98
complete,
entertainment,
guide,
to,4.84
the,5.2
week,6.16
ahead,
down,3.7
cemetery,
road,
to,4.84
florence,
the,5.2
machine,
the,5.2
week,6.16
in,5.76
rave,
reviews,6.36
the,5.2
guide,
why,4.48
we,5.96
can,5.92
t,4.9
get,6.0
enough,
of,4.82
bohemian,
rhapsody,
